{"cameraMode":{"drawMode":0,"name":"Shaded","section":"Shading Mode"},"sceneLighting":true,"audioPlay":false,"sceneViewState":{"m_AlwaysRefresh":false,"showFog":true,"showSkybox":true,"showFlares":true,"showImageEffects":true,"showParticleSystems":true,"showVisualEffectGraphs":true,"m_FxEnabled":true},"in2DMode":false,"pivot":{"x":10.046259880065918,"y":-378.66571044921877,"z":392.8706970214844},"rotation":{"x":0.3901362121105194,"y":0.014112617820501328,"z":-0.0059337555430829529,"w":0.9206815958023071},"size":332.8789978027344,"orthographic":false}