{"cameraMode":{"drawMode":0,"name":"Shaded","section":"Shading Mode"},"sceneLighting":true,"audioPlay":false,"sceneViewState":{"m_AlwaysRefresh":false,"showFog":true,"showSkybox":true,"showFlares":true,"showImageEffects":true,"showParticleSystems":true,"showVisualEffectGraphs":true,"m_FxEnabled":true},"in2DMode":false,"pivot":{"x":6.787837982177734,"y":-1.0724992752075196,"z":-14.81187915802002},"rotation":{"x":0.39623287320137026,"y":0.0027502253651618959,"z":-0.001200791448354721,"w":0.9181830286979675},"size":11.80080795288086,"orthographic":false}