{"cameraMode":{"drawMode":0,"name":"Shaded","section":"Shading Mode"},"sceneLighting":true,"audioPlay":false,"sceneViewState":{"m_AlwaysRefresh":false,"showFog":true,"showSkybox":true,"showFlares":true,"showImageEffects":true,"showParticleSystems":true,"showVisualEffectGraphs":true,"m_FxEnabled":true},"in2DMode":false,"pivot":{"x":4.890355587005615,"y":-11.252519607543946,"z":-5.532018661499023},"rotation":{"x":0.37463146448135378,"y":-0.0027816828805953266,"z":0.00112350273411721,"w":0.9271715879440308},"size":13.316113471984864,"orthographic":false}