{"cameraMode":{"drawMode":0,"name":"Shaded","section":"Shading Mode"},"sceneLighting":true,"audioPlay":false,"sceneViewState":{"m_AlwaysRefresh":false,"showFog":true,"showSkybox":true,"showFlares":true,"showImageEffects":true,"showParticleSystems":true,"showVisualEffectGraphs":true,"m_FxEnabled":true},"in2DMode":false,"pivot":{"x":-30.575565338134767,"y":-181.27310180664063,"z":186.91412353515626},"rotation":{"x":-0.3738463222980499,"y":0.07029978930950165,"z":-0.028462953865528108,"w":-0.9244138598442078},"size":146.7525177001953,"orthographic":false}