{"cameraMode":{"drawMode":0,"name":"Shaded","section":"Shading Mode"},"sceneLighting":true,"audioPlay":false,"sceneViewState":{"m_AlwaysRefresh":false,"showFog":true,"showSkybox":true,"showFlares":true,"showImageEffects":true,"showParticleSystems":true,"showVisualEffectGraphs":true,"m_FxEnabled":true},"in2DMode":false,"pivot":{"x":0.0023707225918769838,"y":1.3487482070922852,"z":0.7969292402267456},"rotation":{"x":-0.00789649598300457,"y":-0.82204270362854,"z":0.01132760290056467,"w":-0.5693069696426392},"size":3.884899139404297,"orthographic":false}