{"cameraMode":{"drawMode":0,"name":"Shaded","section":"Shading Mode"},"sceneLighting":true,"audioPlay":false,"sceneViewState":{"m_AlwaysRefresh":false,"showFog":true,"showSkybox":true,"showFlares":true,"showImageEffects":true,"showParticleSystems":true,"showVisualEffectGraphs":true,"m_FxEnabled":true},"in2DMode":false,"pivot":{"x":4.01003360748291,"y":3.8854928016662599,"z":-13.738903045654297},"rotation":{"x":0.3989836871623993,"y":-0.0013786670751869679,"z":0.0005866724532097578,"w":0.9169853329658508},"size":10.547000885009766,"orthographic":false}