{"cameraMode":{"drawMode":0,"name":"Shaded","section":"Shading Mode"},"sceneLighting":true,"audioPlay":false,"sceneViewState":{"m_AlwaysRefresh":false,"showFog":true,"showSkybox":true,"showFlares":true,"showImageEffects":true,"showParticleSystems":true,"showVisualEffectGraphs":true,"m_FxEnabled":true},"in2DMode":false,"pivot":{"x":4.636564254760742,"y":-2.6666274070739748,"z":-17.489938735961915},"rotation":{"x":-0.01457568071782589,"y":0.9663522243499756,"z":-0.2506757080554962,"w":-0.05631027743220329},"size":16.211149215698243,"orthographic":false}