{"cameraMode":{"drawMode":0,"name":"Shaded","section":"Shading Mode"},"sceneLighting":false,"audioPlay":false,"sceneViewState":{"m_AlwaysRefresh":false,"showFog":true,"showSkybox":false,"showFlares":true,"showImageEffects":true,"showParticleSystems":true,"showVisualEffectGraphs":true,"m_FxEnabled":true},"in2DMode":false,"pivot":{"x":8.829999923706055,"y":0.800000011920929,"z":-0.30000001192092898},"rotation":{"x":-0.3738463222980499,"y":0.07029978930950165,"z":-0.028462953865528108,"w":-0.9244138598442078},"size":1.4019217491149903,"orthographic":false}